epoch,loss,val_loss
0,nan,0.12875612942895687
1,0.11690401719568672,0.1250122296758296
2,0.10274082241273914,0.11810199850530884
3,0.09205691165798567,0.11651018496558528
4,0.09094704836548928,0.1259846349595867
5,0.08718927534779775,0.1173221451049739
6,0.07912372675743409,0.11761490023207112
7,0.07299472635509295,0.11558328387001124
8,0.06883860950237357,0.1173591188456944
9,0.0679542092343848,0.11744051142257422
10,0.06554894836022135,0.11664431761360976
11,0.06171839011571672,0.11725311751362989
12,0.05921718485177428,0.11826228213714274
13,0.05809740724024822,0.11794923799800655
14,0.05715452826678973,0.1167487441830417
15,0.05498826933178518,0.1170315542263881
16,0.0536726919656334,0.11599323079902421
17,0.052327287682971575,0.11799798494874507
18,0.05110424694383382,0.11851165291788328
19,0.05097469250726535,0.11731340657256144
20,0.056129620362440125,0.1207982714059483
21,0.05049336191362969,0.1186325398645548
22,0.048268195593235405,0.11956457996496687
23,0.04806613611154775,0.11745800222843224
24,0.04619082688912517,0.11938250329076372
25,0.04573511390453245,0.11832297849506679
26,0.04504322561925303,0.11833628001482767
27,0.04296870490944636,0.11797434233383113
28,0.04484478322336217,0.1196688407056003
29,0.04326233786757921,0.11887790030190412
30,0.042261608460006664,0.11890348865618289
31,0.04169812537124827,0.11748841716666891
32,0.041268744950303776,0.11819270142626644
33,0.04153590701502365,0.11764287500767981
34,0.042563307942999416,0.11932797344690807
35,0.04198130685268705,0.119427898299093
36,0.041392680095669154,0.11782356752479178
37,0.04024651801125673,0.11900855491082102
38,0.03978186229024496,0.11838276741749935
39,0.039371173567029245,0.1194291742134357
40,0.039262132211908475,0.11954082185792747
41,0.038920038266929934,0.1186769418261642
42,0.03791284359235975,0.12019615209047807
43,0.037952913154874465,0.11943552492252349
44,0.0384213682262791,0.11865155833709753
45,0.037846012285288215,0.11915537554833511
46,0.03700247931892156,0.11840385579539513
47,0.03746634670325207,0.11881006237631099
48,0.03688438338194072,0.11967091514528119
49,0.03675021158479555,0.11955048051829578
50,0.0365477592990374,0.11862855834613356
51,0.03571465453993235,0.11890552451042273
52,0.03615511480436625,0.11925390368498293
53,0.03628851925965879,0.11977386931865316
54,0.036055025587960816,0.11933545742109924
55,0.03528146013613535,0.12042870608171423
56,0.03528231313702943,0.1188235111164949
57,0.034399232849565614,0.12002188001600049
58,0.035368794927982644,0.12016510199774785
59,0.0353486640273492,0.12047777284091937
60,0.035164300288024204,0.12007534687317119
61,0.034272582501479444,0.11950769886133758
62,0.03370329016568667,0.12025009356590441
63,0.0345762261460886,0.11917737709188245
64,0.03413138675978421,0.12030449946698658
65,0.03400034788227636,0.12060406698927173
66,0.034774024042225064,0.12033575548018413
67,0.03345710432620794,0.11910661603591936
68,0.033325192623259954,0.1203116472547237
69,0.03392148375280489,0.12146380350292264
70,0.033671022058858795,0.12133539255584867
71,0.03158825458331612,0.12014203056241465
72,0.03153087073203622,0.11926110390851406
73,0.03160462647028386,0.11953229846337322
74,0.030146917310021316,0.12105475952341464
75,0.03132031014294015,0.12013667883208229
76,0.0312577287204776,0.12220842543218997
77,0.03257705235884971,0.12081653594581285
78,0.031971467612330745,0.12206147777226171
79,0.030941786507433865,0.12031625340541541
80,0.03023474574325254,0.1203047697215515
81,0.03066804798620853,0.11946870572341925
82,0.030180750281091583,0.12009910396315493
83,0.030661380124902823,0.12137425931882602
84,0.029931041130992885,0.12033829898456164
85,0.029726108023737634,0.12204356842041998
86,0.030123430896293307,0.1211138707775311
87,0.030081526447282805,0.1207563222880098
88,0.029912087885850012,0.12129180541284762
89,0.030570224811128362,0.12143072161585708
90,0.030410037991213404,0.12117160407248528
91,0.029992479984386398,0.12159875164227109
92,0.029619824132124148,0.12077320689436355
93,0.030465098371832262,0.12085764743708588
94,0.029733021503918895,0.12066132262174575
95,0.02966962558957779,0.12169256168648662
96,0.02943884904882539,0.12156276330995527
97,0.02962682807015668,0.11954861813193747
98,0.029575382429814952,0.12081410044231718
99,0.029924742439434573,0.12115337544985033
100,0.02915109889019101,0.12064000425438763
101,0.028384968547884415,0.12129797611680783
102,0.02872658512980373,0.12057158043793069
103,0.028511500570787364,0.1209366357165468
104,0.029013306903175523,0.12072930502097579
105,0.028406784584308117,0.12123778656331999
106,0.02855909287425073,0.1213142779699417
107,0.02830099252155963,0.12215391108094906
108,0.028301373891678496,0.12134747517934617
109,0.02900117249460325,0.1218675577661316
110,0.027796627528065405,0.12043724448898906
111,0.02891546047746989,0.12237539152851112
112,0.028342928190219645,0.12203099594762642
113,0.0275470612287911,0.12232897072711695
114,0.02791309505151923,0.12201047620555247
115,0.02779703164688238,0.12186816763343485
116,0.027718123227080546,0.12077430975718088
117,0.02844279817826131,0.12139318121484699
118,0.027748380302325272,0.12194013658447188
119,0.028009340786220287,0.12247805062025037
120,0.028129997988506336,0.12242319566724129
121,0.028378334189473265,0.12242621264606272
122,0.027842723875154653,0.1207551846652436
123,0.027074477839070934,0.12301317308995129
124,0.0280320986031285,0.12176252039945756
125,0.02797856241184984,0.1226885689001477
126,0.02744389659495478,0.12287684799173192
127,0.02674436721667025,0.12189487271457689
128,0.026871598086004957,0.12112517474097262
129,0.027358190528890925,0.12288052167498155
130,0.027257766124937483,0.1224236823002228
131,0.02728755556640547,0.12189174838593002
132,0.026885230694528403,0.12134395143230453
133,0.026708162903530036,0.12293696134647521
134,0.026967779171487623,0.1225744459721347
135,0.02791054568034627,0.12367566054127875
136,0.026982093358787988,0.12190008318310791
137,0.02727339766736662,0.12140201371418081
138,0.026232894870365363,0.12256143776678033
139,0.026562207924044772,0.1212865481898934
140,0.025362350279640407,0.12225522932889137
141,0.025724514319371613,0.12243949583511489
142,0.025825883467666278,0.12346012788697318
143,0.025419428537235597,0.12183539389711928
144,0.02514739368422099,0.12208598991582839
145,0.024705752656498672,0.12244813918356244
146,0.02578157934206375,0.12265421823367767
147,0.0253606132676888,0.1230757796365537
148,0.02524345060954835,0.12202888192934752
149,0.025168192739928718,0.12217353563570992
150,0.025067407020848653,0.12245801681700702
151,0.024786383655346696,0.12275031121958402
152,0.025213634902333953,0.12209237462388091
153,0.025474600490786314,0.12266924180236763
154,0.024779058051802062,0.12255345303050018
155,0.02492554908325055,0.12190993486160548
156,0.02473116236942577,0.12245643138434398
157,0.024611381040037097,0.12214178299749484
158,0.02531717117597867,0.12311287520512217
159,0.024796225100463053,0.12226307514119052
160,0.025004403124681086,0.12261181156456698
161,0.02469375806052654,0.1223230510413247
162,0.024808933426291747,0.12255943552218308
163,0.024912153903797623,0.12259793246202974
164,0.024451935364474604,0.12251097051395943
165,0.024555920904391706,0.12172374067430596
166,0.024135013893822558,0.12316084639666885
167,0.024665245111395572,0.12222340617979714
168,0.0240203807917601,0.12334578933065012
169,0.024221388489889282,0.12309058240351474
170,0.02482691370897505,0.12281272421246332
171,0.024068275474335113,0.12223324923734827
172,0.02379341357722701,0.1230361856895901
173,0.02434111677138673,0.12280433991071685
174,0.02467118383678919,0.12286129613198514
175,0.024490716142588284,0.12295654641423386
176,0.02402956977762938,0.1232629107320438
177,0.02388824055834105,0.1231134232664102
178,0.023776279669336653,0.12300416762227374
179,0.02425157885294502,0.12411222713152317
180,0.02417056955740552,0.12225023510277493
181,0.02368119191682318,0.12280203823504625
182,0.024396180016571425,0.1233911487999064
183,0.02396806696764573,0.12264772116298542
184,0.02363471675084296,0.12281395038232235
185,0.023952784710927866,0.12368025896775423
186,0.023753952515809626,0.12340318717351625
187,0.023925168982640833,0.12292946528666181
188,0.024119531679072357,0.12327961408788067
189,0.023791604713929618,0.12288256729708286
190,0.02401974986037708,0.12409393430615367
191,0.024199429578445474,0.12341806795296578
192,0.023988960207991895,0.12326662063895144
193,0.02342591928332066,0.12331128325650695
194,0.023215784112340918,0.12265153187479413
195,0.02355260508071162,0.12326277038005777
196,0.02290504206546779,0.12305955630974698
197,0.02345982313918769,0.12449054871846688
198,0.02333751737094822,0.12351097563068375
199,0.02310938101119402,0.12331993954360458
200,0.023647466499192648,0.12292416352815497
201,0.023047679323712007,0.12453023351217606
202,0.02334002758225388,0.12305379089479061
203,0.022875585441846303,0.12288561065328613
204,0.02279164552668154,0.12367970647653133
205,0.023275294584829506,0.12302451118880742
206,0.02444563246051068,0.12537837362500148
207,0.024584669151853162,0.12385229572859549
208,0.023648677941468063,0.1225737460200938
209,0.023392669821363007,0.12372605210305113
210,0.02338989337405442,0.12296210971492333
211,0.021776092325271414,0.12246047400333604
212,0.021685321094258546,0.12406184176192098
213,0.02169199318351547,0.1236989518276066
214,0.021932363116187095,0.12401315893175914
215,0.021399711363215054,0.12371602177880613
216,0.021780361722181923,0.12382262072295705
217,0.022130853304080524,0.12333578655799197
218,0.021981553324880925,0.1235630823597031
219,0.022323127413430302,0.12368241590319072
220,0.02180794877556917,0.1243975712537421
221,0.021529158111759563,0.12330744950958718
222,0.021572192416775705,0.12343174565512667
223,0.021365210596922347,0.1236139877507302
224,0.021608080546511733,0.12397255671282595
225,0.02192580733455537,0.12391963549533343
226,0.021331305075082668,0.12364267630057896
227,0.021698045827605466,0.12355327844842934
228,0.021927470069863463,0.12432062228302306
229,0.021531344850398128,0.12402471939430366
230,0.021734892580264478,0.12290523565841163
231,0.02194164727798774,0.12379408461829887
232,0.021483409475487863,0.12370038282121486
233,0.021624823431187316,0.12415976893026268
234,0.021914990128795216,0.12344294044616877
235,0.02176818443672051,0.12430575683791918
236,0.02171119108701597,0.12480338598713728
237,0.021530695857405992,0.12490644045880206
238,0.021149316867142807,0.12410679618746329
239,0.020964771043741955,0.12451806400614657
240,0.02131242909722899,0.12357009903981513
241,0.02149025423174502,0.12406657363675323
242,0.021322216476081776,0.12439738304623175
243,0.021537462818073977,0.12439877308544948
244,0.021152241637996064,0.12421308907019535
245,0.02135604954256891,0.12341111203026828
246,0.020873428747372618,0.123800579631269
247,0.021081915461495782,0.12369946526984267
248,0.02192168069530066,0.12408100484739787
249,0.023307087030495614,0.123845208847392
250,0.021419195949563815,0.12463284479737217
251,0.02091110003476853,0.1242886261113251
252,0.02140103007524907,0.12399572819246
253,0.021095752879107997,0.12415247562668656
254,0.020775803899893322,0.12441525948821253
255,0.020858395100807448,0.1250140790303424
256,0.020991768054079842,0.12487095603882438
257,0.020863392862508455,0.12459559658119376
258,0.02143902494114059,0.12539180123835741
259,0.021031957052998526,0.12417726457713289
260,0.020712315785315703,0.12440754197503795
261,0.02117464478976225,0.12407894690494212
262,0.021057150230496483,0.12509967330360597
263,0.02080829251098788,0.12464485996778005
264,0.020690222887634373,0.12376779201759842
265,0.020617761879151333,0.12475187637620129
266,0.021599036663900194,0.12421018333966745
267,0.020957563657339442,0.12556169590599237
268,0.02054015507925271,0.12448133299044728
269,0.020671451311966835,0.12418296334771725
270,0.020338530910566963,0.12531675260412187
271,0.02119318860890949,0.12484505154387797
272,0.02124981287315811,0.12538759938818358
273,0.021261842807676765,0.12432604416012288
274,0.020431899533345833,0.12493303996166391
275,0.020859614484230488,0.1242873837998425
276,0.020543782757574368,0.12488641992287229
277,0.02048516219947265,0.12473284511710295
278,0.020941302683927576,0.1256470421586028
279,0.02019637041705141,0.12388724208165665
280,0.020678254377458436,0.12506958097005114
281,0.019819029195299237,0.1244855103816961
282,0.019397504922732206,0.12472499546488278
283,0.019607890208214285,0.12516538462537624
284,0.019407055017147543,0.1251459362324307
285,0.019330827068235974,0.12470794150807529
286,0.019397908867068978,0.1252267992107981
287,0.01957392889711617,0.12492258648765069
288,0.02020971057216442,0.12492726040560272
289,0.019585801922735954,0.12397159248013445
290,0.019394420958162344,0.12545908512378928
291,0.019551932350497233,0.12432356648186585
292,0.019160089787460994,0.12446885613902614
293,0.01969472024800177,0.12419442386145987
294,0.01998497904971856,0.12482639651241764
295,0.019424709797752716,0.12530820630358008
296,0.019853396176332146,0.12446788805236872
297,0.019651888543281166,0.1249247233553856
298,0.019758939613878205,0.12510308413529778
299,0.01953793721279411,0.1240366993223091
300,0.019179172991237434,0.12471975807518586
301,0.019104928813771852,0.12459096603022012
302,0.018723214910543618,0.12451268797730182
303,0.01904932050147998,0.12518191493010367
304,0.01942264868306986,0.12464581613866578
305,0.019573127465654015,0.12491512927264514
306,0.019012071967087672,0.12497808275011568
307,0.01897352758701125,0.1245713071353218
308,0.018881056404921014,0.12498621021465772
309,0.01939549018428609,0.12681214226263793
310,0.020194441516023766,0.12631389461378068
311,0.019387593308539737,0.1250758946064522
312,0.019193016071815814,0.12561683082918335
313,0.01898121644227637,0.12558679775586928
314,0.019067115458828002,0.1252296913304402
315,0.01893755606657852,0.12549407417149713
316,0.018958364480130538,0.12525590068419074
317,0.018896381728863616,0.1246168063839544
318,0.01914406791859493,0.12589902409481477
319,0.019002352311803573,0.12587511857552267
320,0.01895969883256456,0.12513791565109703
321,0.01931475007808553,0.12591251335556491
322,0.01941527248604135,0.1259689067381967
323,0.019088293220455358,0.12598869295537904
324,0.018551137780595563,0.1271267465297787
325,0.01898007885808271,0.12638924599266266
326,0.01892063195248081,0.12564108393423915
327,0.018718329933822615,0.12577076851814217
328,0.01927338423272512,0.12607805135978178
329,0.019019669233673805,0.12613564316629663
330,0.019155321654196096,0.12598944129530684
331,0.01959960537347135,0.12610444903618528
332,0.019333914498133903,0.1258913135792967
333,0.019342126704514188,0.12617432948673887
334,0.019023669838485704,0.1263947268140409
335,0.01888722817053606,0.126855427243712
336,0.01890160803703333,0.12594893902767101
337,0.0184364015439829,0.12597378924370775
338,0.01906642302892258,0.1265309612127142
339,0.018542388279914657,0.12599032005539534
340,0.018814792933231506,0.1259720194292185
341,0.01895335145588195,0.12639689648558014
342,0.01852144386221022,0.12694216276652578
343,0.018465508753784075,0.12643613682877947
344,0.01830512918810322,0.1255912623125129
345,0.018040884843245713,0.126134068621504
346,0.01868315472105698,0.12618393366936356
347,0.01873239053872609,0.12569008022418796
348,0.018773609708349348,0.12600239951123954
349,0.018864874447635484,0.126036567475033
350,0.017927462603134617,0.12669028033159843
351,0.017614626336090455,0.12565888835863312
352,0.017809441690310023,0.1257377354374312
353,0.017762144551560076,0.12548241362805182
354,0.017498741345981113,0.12599570260427395
355,0.018042381342900378,0.12519135976349263
356,0.017576399047171568,0.12579806686484135
357,0.017819866012362868,0.12621175787930308
358,0.017640470465817255,0.12629077750289028
359,0.017741505639828382,0.12671367981358114
360,0.017772438450742323,0.1276931635434423
361,0.01754691053153801,0.12674958115298932
362,0.01753300779614353,0.12607592912753868
363,0.01731957152227621,0.12525536099859125
364,0.01750636916968843,0.12660355334050277
365,0.017481519147498122,0.12628386102118913
366,0.01730703730264302,0.12751322814611352
367,0.01775562922191975,0.12621192216137075
368,0.017458384609007272,0.12682632444472375
369,0.017667493394060325,0.12546727654999906
370,0.017656223001609437,0.12650416457100003
371,0.017442459491046097,0.12654269534088866
372,0.01734842316007176,0.1268190235914849
373,0.017679192829664913,0.12643116853799838
374,0.017759581915235946,0.12642613228643168
375,0.0179541629714854,0.12632391274234772
376,0.017267150679339163,0.12566509332594775
377,0.01760082535386418,0.12685325391509142
378,0.017178278821762708,0.1269433227482322
379,0.01736721773644988,0.1268535070517681
380,0.01785407704942762,0.1263152830653486
381,0.01738917958387645,0.12823788112877582
382,0.01804761124472479,0.12678812158893785
383,0.01733767030913932,0.12721259616354844
384,0.016937731623778974,0.1264874593712179
385,0.01749160403204234,0.12682411824415385
386,0.017615330992483726,0.1273678488024317
387,0.017753384683199636,0.12697060410760636
388,0.017301597720672385,0.1263930541201774
389,0.01736657859312901,0.1266227724478307
390,0.01766737062208636,0.12587937787273717
391,0.017220902044306756,0.12766122619841672
392,0.01715174080251685,0.12736589079518087
393,0.017431344463841758,0.12650745709918648
394,0.017044812672898518,0.12737676206609505
395,0.017571189951244855,0.12748307702277417
396,0.017281269069391696,0.12664138176390266
397,0.017284927596146228,0.1264146802045572
398,0.016885985052465392,0.12683674064110345
399,0.01714119146683512,0.12655638779323602
400,0.017247519982810357,0.12766929799101454
401,0.017395690925699252,0.12720285132135759
402,0.016971574552690973,0.12681448217445063
403,0.01715605821152345,0.12704242985602213
404,0.017082458802512333,0.12830484935061884
405,0.016960424339153672,0.1275961209238323
406,0.01730837085578609,0.12737237407525098
407,0.017382366719829623,0.12727061025599004
408,0.01732402053821211,0.12682638404879265
409,0.016843360540764223,0.1275701261696267
410,0.016995590543205933,0.12701802305443577
411,0.017165425440451118,0.12747033545575837
412,0.017149569496866017,0.12777742996079614
413,0.017062731389181438,0.12740733783887181
414,0.01706228810287801,0.127850762533038
415,0.01746928650388448,0.12697803401426738
416,0.016938262370320624,0.12771267731028807
417,0.016955200378685975,0.12739123368318708
418,0.017830958975380562,0.12744276429717033
419,0.017327771684152025,0.12783694922632394
420,0.01647494228219389,0.12722520155167374
421,0.01664609289586297,0.1273384719585146
422,0.01648913745950961,0.12728587013613987
423,0.016077504460566796,0.12739043547342727
424,0.016535851264273472,0.12759269356391417
425,0.016179673362516796,0.1273181466186486
426,0.016310037584128582,0.12749902095629573
427,0.01608207791506937,0.12681794537027227
428,0.016071196719646737,0.1278199091830555
429,0.016292007684840785,0.12766802272548872
430,0.01633394798522008,0.12789827463810316
431,0.016401754903977793,0.12797934265748387
432,0.016312305061933447,0.12758113980584282
433,0.01647000849108716,0.12734902071989393
434,0.016494257112128,0.12744905452663835
435,0.016228685366794712,0.12759040536651864
436,0.016009720934140794,0.12774446683003202
437,0.016518654342840684,0.1277841567495546
438,0.016309406015821593,0.12797444356449558
439,0.01593007395330881,0.1274188680115855
440,0.016139574188103023,0.12752591634640462
441,0.015956116325299183,0.1278121328878707
442,0.015908503631315324,0.12832287489903862
443,0.016563736297060087,0.12817156655286763
444,0.016488375838426016,0.1276701103867013
445,0.016181860894737894,0.12832960279958386
446,0.01614121544916663,0.1276355561369764
447,0.016230700131276407,0.12791495653368162
448,0.01594163502102612,0.12759259368911194
449,0.016030334424310653,0.12777518711214983
450,0.015916104901434597,0.12851560481775087
451,0.01583838463242071,0.12712283678055106
452,0.015817879115579702,0.12656779160303808
453,0.015771158976369378,0.12778703792258722
454,0.01562545829991306,0.12756573377658564
455,0.015915374671845846,0.12780260479691016
456,0.016887763052609556,0.1281440386210329
457,0.016819438272023618,0.1279995309402211
458,0.016154243546459297,0.12808225443563112
459,0.0164683503781682,0.12853574525856076
460,0.016301344701759438,0.12908010249304228
461,0.01635651100772306,0.12815969007925887
462,0.01576882528982998,0.12794218010308273
463,0.0160947281562224,0.12789751981374967
464,0.01615884333054224,0.12715158923710368
465,0.016070368785416175,0.1278351711338526
466,0.01569779982778944,0.12763370950503108
467,0.016071575458005756,0.12809611258659773
468,0.01594635374051948,0.12776128330664543
469,0.015775446725869103,0.1278686317007513
470,0.015396078184845731,0.12785000756068515
471,0.015493277972820923,0.12827913000133015
472,0.01567437838601432,0.12863078877975956
473,0.015843824653026986,0.12768323536984955
474,0.01594743751451995,0.12798599605954952
475,0.015767175769693553,0.12835475679447095
476,0.01595288138232447,0.12768177107401887
477,0.015870135657189085,0.12854311414140207
478,0.015798220384647732,0.12786740994652632
479,0.016026355435914897,0.12769319895735892
480,0.01584170268930649,0.12797966447677098
481,0.015687880622080867,0.12842814333874403
482,0.01623265814067232,0.12804689889560988
483,0.015711746140454293,0.12840145296303035
484,0.015660793429287535,0.1282192134067707
485,0.015584545912443524,0.12828086975381028
486,0.015655446368205192,0.12811883152192322
487,0.015770815022140037,0.128257158610012
488,0.015809171654773954,0.128305934555731
489,0.015567479825064331,0.12887948822582695
490,0.015575609065016116,0.12810719896532874
491,0.014959770472264287,0.12811702715755077
492,0.015195097149374668,0.12812517339894314
493,0.015040215288894359,0.12678832451518565
494,0.015159536537961319,0.12773445518656254
495,0.0152363719712132,0.12872298751759512
496,0.01523473783196956,0.1278246664845673
497,0.01464939892758736,0.128171913224113
498,0.014799183337505331,0.12794983727526296
499,0.014740501105091989,0.12808779429771455
500,0.015486326193322356,0.12786376693433546
501,0.014924805414485372,0.12889149708297137
502,0.01507515088407731,0.12896013632023212
503,0.015204190065653576,0.12931439150896937
504,0.014747816038380237,0.1280983824435267
505,0.015045664134050762,0.12834118190899138
506,0.014869176130769542,0.12861066020657197
507,0.015141590859777673,0.12799653798704422
508,0.014858348708131798,0.12817918709619922
509,0.014522611836473265,0.12772468272940682
510,0.0145849090373904,0.12764934564874703
511,0.014498253632334326,0.12828389754320718
512,0.015080276948669973,0.12824975784927412
513,0.01493637968805015,0.12777006489963985
514,0.01505043974385253,0.12895553684685157
515,0.015000002342040035,0.12843449487331374
516,0.014429874417340227,0.12786754014177665
517,0.014428992911794685,0.129230600495042
518,0.01470648709151668,0.1285023363368785
519,0.014974668895990707,0.1280753002825913
520,0.014625686799362934,0.12873490242611813
521,0.014727847338797168,0.1278575691979379
522,0.014659263540405707,0.1286842044302731
523,0.014867486846392757,0.12857299635004096
524,0.014795021832111944,0.12850344427352065
525,0.014772607236757669,0.12875120374145063
526,0.01481529031774232,0.12782315922154208
527,0.014696635392918385,0.12831941185604728
528,0.014572577918389059,0.12910559677933398
529,0.015007201054195743,0.1278110341608771
530,0.014531301747391328,0.12764519530478027
531,0.014827197655125074,0.12839631026022397
532,0.014900507457330667,0.12805231810357046
533,0.0150567553552656,0.12973357225868318
534,0.015256019208927506,0.128829054608147
535,0.015002578294923309,0.12832845484808791
536,0.014469917052063954,0.1287101274468621
537,0.014556235747974702,0.12876085779237167
538,0.014400772241110195,0.1279062813654047
539,0.014685501945810414,0.12851312918070762
540,0.014870683389342224,0.12902815459708447
541,0.014668175460969067,0.12879174935827675
542,0.014665817835672997,0.12871987282544667
543,0.014576855081944192,0.12860807115384124
544,0.014690161054889121,0.12919390452578838
545,0.014400349823847976,0.12883658942936266
546,0.014758391577601152,0.12856497996918875
547,0.014496181120355736,0.12911645017691054
548,0.014919047560604491,0.1293752324394205
549,0.014652490127673182,0.12848785319896763
550,0.014812236053625097,0.1283857589003138
551,0.014360880404228482,0.12834859049405142
552,0.014640695542139107,0.12825800229377346
553,0.01461651324151694,0.12896493905975348
554,0.014603793202423651,0.12871562112210916
555,0.014214715028675115,0.12819654759547144
556,0.014497163626274607,0.12892222464863462
557,0.01449082169752624,0.12885773215872592
558,0.014868510869066362,0.129423636144558
559,0.014455060765154177,0.12860313917485872
560,0.015311332400631823,0.12850470149480256
561,0.01454346267419534,0.12862448608635277
562,0.014129139737228819,0.12866684853120217
563,0.01403295478231249,0.1282611597429868
564,0.013571614791724636,0.12868599360810729
565,0.013646922854703123,0.12890013473443554
566,0.013770613561528316,0.12878079032959963
567,0.013754902726335415,0.1284187803594282
568,0.014106280269865743,0.12905011832321336
569,0.01441823594878937,0.12831701519771138
570,0.013871112750663135,0.12876088679349476
571,0.01389510012348441,0.12920848655075132
572,0.013662089431209693,0.12876146257679605
573,0.013777386057437063,0.12857515604211742
574,0.013605960907537311,0.1284038531731268
575,0.013868570553287125,0.12913746967671902
576,0.013840481359535455,0.12883180398631414
577,0.013547173625258218,0.129458475858421
578,0.013539330494214139,0.12959100105649488
579,0.014243228632799025,0.12856041420635655
580,0.013866639226759516,0.12890170500625067
581,0.013679319725598047,0.12910589238190778
582,0.013769023354509864,0.12886888838665805
583,0.013912943446298244,0.12896338492447504
584,0.014087074665258131,0.1287091394431259
585,0.014271785449260532,0.12919315480533308
586,0.014165132060661667,0.1288976237712003
587,0.01369192877795005,0.12883395800690559
588,0.013388484610485776,0.1289224691745386
589,0.013729970359146514,0.12925702784592408
590,0.014301046571489513,0.12908572880376937
591,0.013757867956513231,0.12883817265387276
592,0.013839693487777714,0.12886513079382067
593,0.013496607987676172,0.12914556636686508
594,0.013486525889205934,0.1292946969387721
595,0.013976335107803453,0.12955655755363812
596,0.013554971791611409,0.12872696327184777
597,0.013297844773824253,0.12895565970679188
598,0.013720979520904095,0.12925492558063678
599,0.013457838518492995,0.12849451452690105
600,0.01344649060033265,0.1291970839241763
601,0.013541671080119694,0.12948504153914314
602,0.013486356771472833,0.12916370625847975
603,0.013586999096074241,0.12835387638191492
604,0.013496835359500086,0.1286714856769452
605,0.01363107057680723,0.12931905852645947
606,0.013625232556467913,0.12929596645708558
607,0.01357116270753564,0.129414163402445
608,0.013538936855936524,0.12900719450714773
609,0.013555271404166347,0.12941592217789716
610,0.013678003432044582,0.12923115136604627
611,0.013477254982819884,0.12961598473598906
612,0.01362993965159672,0.12933461689293105
613,0.013631497489976272,0.1294115702897458
614,0.013517219384584684,0.12938161590160382
615,0.013652395928529156,0.1286469528837253
616,0.013633990779846044,0.12901881245857974
617,0.013589561948994572,0.1290408914236739
618,0.014026080269650588,0.12903580657041144
619,0.014443906438638939,0.12931857885223105
620,0.013619032003983934,0.12916755910515462
621,0.01364056359223007,0.12981217591638958
622,0.013560153570128445,0.1287857493474181
623,0.013871350936597835,0.1295165009494926
624,0.01377015743531587,0.12928661361009483
625,0.013615819522617104,0.12926076906989198
626,0.013792285228850676,0.1290312668443322
627,0.013346731268930904,0.12945460655016114
628,0.013529416107191002,0.1289820022546833
629,0.013574469041044054,0.12925812274748943
630,0.013115559874251845,0.12899736030134015
631,0.012995691054140905,0.12906707179751264
632,0.012930995808877794,0.12893606348264602
633,0.012914927657815921,0.12956796179678456
634,0.013072479204486677,0.12845934605812878
635,0.01305319314096795,0.1295268736498024
636,0.012981914374486387,0.1290785298294027
637,0.012851728592255066,0.12951070771664014
638,0.01335265324628138,0.1293422781665426
639,0.013178584613890957,0.1293138675050949
640,0.012859312365324086,0.12940297603670908
641,0.013027105888370482,0.12976510681888856
642,0.012816308298964671,0.12956428105227646
643,0.012874388229564984,0.12934110927428963
644,0.01248120278037055,0.12928179203479215
645,0.01269847362035781,0.12954776607530413
646,0.013041031125073533,0.12975090851642246
647,0.012803359783662748,0.1294715608939966
648,0.013430725727734993,0.12954686584715092
649,0.012737849237643236,0.12997815442747418
650,0.0128905874702185,0.12911218229790894
651,0.012812200955800396,0.12921453848862022
652,0.012779137319667502,0.12892980007689342
653,0.012568803987300125,0.12974897102675798
654,0.01281698584655803,0.12897462766151752
655,0.013068868979043809,0.12964954165491505
656,0.01286582202887465,0.1290648770264217
657,0.012668164120707733,0.12946161516091703
658,0.012695107015844408,0.1296607947935032
659,0.012543914599816314,0.12934371958102028
660,0.012839527305577464,0.12894066670806298
661,0.01287936206150192,0.1295308803159567
662,0.012752039007477301,0.13004323628248834
663,0.012685945130305841,0.12964843035175144
664,0.012969073245053376,0.129232291588623
665,0.01338092739127344,0.1315391668384646
666,0.014428136621120864,0.12932609773062728
667,0.012894649091274557,0.13032810351540058
668,0.013029390626219469,0.1296193362949629
669,0.012704952889646348,0.12998114953409604
670,0.012898093498058018,0.1296638459464827
671,0.012561497204431463,0.12916563643641302
672,0.012733342832143626,0.1296897853314613
673,0.012533538873030131,0.129022759090616
674,0.012359121963020973,0.1294681930910538
675,0.012683805732935847,0.13025717577901882
676,0.012749086567776194,0.12924864568869657
677,0.012583729264015308,0.12976026141639352
678,0.01258837524069812,0.12947308022965495
679,0.012596029344211002,0.1292374217173389
680,0.012572230191625702,0.12969546382031127
681,0.012701597749114613,0.12965022689608877
682,0.01284196794628082,0.12991243678748154
683,0.012423466691082252,0.12986910841767388
684,0.012743594276706464,0.13005918825583654
685,0.012733026170912144,0.129884796896854
686,0.012842557405798273,0.1303434708576391
687,0.01273127716491685,0.12947194556722777
688,0.012789888582461915,0.1294220940727307
689,0.012819554068313081,0.12979507712854266
690,0.012950452991746507,0.12958940789488063
691,0.012609242912998126,0.13010007389388686
692,0.012503154163205835,0.13039035789945683
693,0.01261902336170877,0.1305534259416027
694,0.012461452117366831,0.12987959702886478
695,0.012471185977569585,0.12969287194813844
696,0.01240556461486134,0.12989219938489088
697,0.012494324062185137,0.12968299534656225
698,0.012403081335603321,0.12973995753041936
699,0.01252270453831178,0.13030649344345685
700,0.012525451266854894,0.1301598408669849
701,0.011778418686056991,0.1304085538525938
702,0.012455875381062353,0.12977522343411602
703,0.012454806972871999,0.12963132062548524
704,0.011995707767076208,0.1293881281517319
705,0.012167228931916305,0.12965707894710565
706,0.012072677384216034,0.12973981436577373
707,0.012279556606526276,0.12994044760064527
708,0.011967877754276206,0.12998616174389374
709,0.011972047524621334,0.13061475222195834
710,0.012410508629643024,0.12967496529867664
711,0.012189082916093245,0.1305751027586642
712,0.012374798855751358,0.1303003128631151
713,0.011826273706312453,0.13055790187663258
714,0.012001684775364712,0.13002578719597213
715,0.01212092883200319,0.13054585750453782
716,0.011856212303358793,0.13040631406621606
717,0.011973594613079437,0.1301760894674489
718,0.011587830075267225,0.13003660386824134
719,0.01248041065235692,0.1296089458437525
720,0.012214790213652685,0.13029112907118723
721,0.012041627998189686,0.12979368038571557
722,0.011949546802249376,0.13075888847967235
723,0.012104651589519944,0.13017518486314092
724,0.01210219180300766,0.13033398253032374
725,0.011733257858299262,0.13007742564952882
726,0.012128120026735741,0.1302943495231758
727,0.011949062953846578,0.13035190836944083
728,0.012056849576583163,0.13023368932294033
729,0.011712950834938786,0.12978749988314867
730,0.01182611532728173,0.1301173272603098
731,0.011926568288798902,0.1302556114852131
732,0.012351206613256758,0.13028883353857765
733,0.012410953210042748,0.13037622811838873
734,0.012089776768377594,0.1298623334523739
735,0.011803035310984361,0.13008544470502306
736,0.011710851229858061,0.12988784395972766
737,0.011929757564960274,0.13002958533823336
738,0.01209799817601349,0.12983628237507172
739,0.011839613966148183,0.1300929522578534
740,0.011954704033966385,0.1300830706266986
741,0.012009972905560112,0.13089042625554573
742,0.012022164901743036,0.1303871102867392
743,0.011882874454453803,0.13033749846238515
744,0.01183746028375136,0.13007916294974986
745,0.012115249284915948,0.1309758934756499
746,0.012034282495183766,0.13003318977813225
747,0.01173864957298382,0.13031720627034363
748,0.011634966495385356,0.12950015994608224
749,0.011743873918355078,0.1300610992501292
750,0.011773181679278141,0.1301997023768191
751,0.011946571993392758,0.13015742542731965
752,0.011934041355310456,0.13010187054748013
753,0.011655017078514058,0.13048843985496852
754,0.011987986779677216,0.13034465000785342
755,0.011807409157242744,0.13053677308995393
756,0.011964862859738875,0.130434324855801
757,0.01200656760816929,0.13034544011588026
758,0.012115072205608436,0.13077211862644025
759,0.012147552270158297,0.13049854003974012
760,0.012020268353057275,0.13087836661347513
761,0.011649155789028762,0.1306166771812027
762,0.011758617586868341,0.13031225307546476
763,0.01194370248530163,0.1297268080140585
764,0.011926148251485785,0.13088817081281337
765,0.011637434804038938,0.13101608554492336
766,0.011941162368208332,0.1301114645248678
767,0.011847545988417767,0.13072274034817205
768,0.01157299523257586,0.13090776219402744
769,0.011717481792187005,0.130871295616448
770,0.011398896820595607,0.13050056318622297
771,0.011651241376745827,0.1302421265276418
772,0.01109399644327258,0.12989432028254835
773,0.011196217587807129,0.13050097495219817
774,0.01121314586590662,0.1305597510647181
775,0.011109576811725768,0.1303510498288604
776,0.011643608530127837,0.1303972623229857
777,0.011190009380020672,0.13027304920671615
778,0.011072260716227413,0.13012196791225544
779,0.01128056535070882,0.13046976444915426
780,0.011449479986539198,0.13124637640110787
781,0.011578922879977843,0.13053578471868274
782,0.011203888506695413,0.13065941278207968
783,0.011161510308534682,0.13032703634480647
784,0.01149007469916564,0.1309344299587285
785,0.01132710289998591,0.13086609802530058
786,0.011409423964764784,0.1309825821495835
787,0.011482002388127067,0.13061178016836358
788,0.011089777624407887,0.13037617833157839
789,0.011024139618712297,0.13081710947719613
790,0.01131067386104646,0.13150487726895016
791,0.011625135583923857,0.13067635790055804
792,0.01145534169971179,0.13053372911049613
793,0.011154391891908016,0.1302313655501278
794,0.011190139682058889,0.1309424975161645
795,0.010966461914670125,0.1305549543591298
796,0.011155500757890376,0.1301102352172689
797,0.01131699775862862,0.13114857379050798
798,0.011309888488857344,0.13074976276383043
799,0.011139307177525024,0.13061353779142992
800,0.01159381537501441,0.13037475580931757
801,0.01129117926736914,0.12992939466708114
802,0.011055512767662186,0.13042685454889918
803,0.011038021871606265,0.1300076685682432
804,0.01128954870573943,0.1303560229292686
805,0.01127744592531275,0.13097649783124088
806,0.011274113781657737,0.13070588680315898
807,0.011475738794277757,0.13057519912307272
808,0.011255039596416997,0.13114565943868173
809,0.011326973856142964,0.1308892470522551
810,0.011347610248302532,0.13090842080997
811,0.011196865750893908,0.13072082626256126
812,0.011038026398960683,0.1307044958561735
813,0.011088873420783133,0.1300720217205661
814,0.011250337158321376,0.1305871930684023
815,0.011147963661127944,0.13023074950908234
816,0.010951873239997927,0.1305030916406081
817,0.01117135774740951,0.1306377552432619
818,0.011553540248066915,0.13111366261733506
819,0.01124197468548201,0.13118889331960315
820,0.011166616342668363,0.13159710839161046
821,0.011464876344115749,0.13059062422489098
822,0.011287796469047538,0.1311955465715579
823,0.011295146379414136,0.13060981345103395
824,0.011019499806066028,0.13101505607423766
825,0.011125540570267193,0.13108761892512394
826,0.011239209456071595,0.13064595646459112
827,0.011231860896395265,0.1308376529717909
828,0.01117101359467376,0.1304219640542703
829,0.010975703237292769,0.13043747769025624
830,0.011090160369675932,0.13091451173101623
831,0.01135476816252842,0.1309508918943124
832,0.011163595241094249,0.13060340820962255
833,0.010925752793324995,0.13093515450195323
834,0.01100973676158599,0.13011265945435363
835,0.011032349200806164,0.13090674125880303
836,0.01133271570815616,0.1307663823209351
837,0.01103443251971355,0.13070373506990302
838,0.010968388895718639,0.1308675723582773
839,0.011183421933072472,0.130596200194754
840,0.010834784152178888,0.13071507767384546
841,0.01079590069395301,0.13059246271639188
842,0.010750087753099265,0.1306993214290047
843,0.010865966316749416,0.13068772335769965
844,0.01053579872831767,0.1306670491666211
845,0.010566373652257708,0.13104839327785106
846,0.010481840057070941,0.13080838411509463
847,0.010675519938364719,0.13053264280421886
848,0.010770135008749978,0.13117034620488324
849,0.010543017533927675,0.1306844375048728
850,0.010575722994590777,0.13145635820512974
851,0.010545053513914392,0.13072556615815234
852,0.010787726522499652,0.1304843896747003
853,0.010574829593100382,0.13071831464318276
854,0.010366262018373835,0.13060060822607364
855,0.010823394555353326,0.13061070838627464
856,0.010803364688571494,0.1306131094778407
857,0.010619241073108856,0.13054678475041165
858,0.010480906966093346,0.13116030005612872
859,0.010741742515135336,0.13063284730537655
860,0.010395105202778905,0.13122996158693825
861,0.010554501200230038,0.13062591935254161
862,0.0105714227458611,0.13120104537207444
863,0.010485182502661292,0.130682487163835
864,0.01064040856396793,0.13093934714679753
865,0.010527007094942458,0.130975640321889
866,0.010671631352701811,0.13027269483326565
867,0.010719666774225185,0.13087771471227547
868,0.010723176021399291,0.13119563736353157
869,0.010503877604151791,0.13134102024713654
870,0.010626162154343545,0.13042003888371254
871,0.010628751688853898,0.1309540202458479
872,0.010227813354221776,0.13126505479122388
873,0.010612754810077174,0.13129774458090387
874,0.010846649574630296,0.13151499530156097
875,0.010723364044026478,0.13101349402480086
876,0.01069795319372559,0.1304345703437328
877,0.01056307696629242,0.1309169063900811
878,0.010471999767420647,0.13097134867331434
879,0.010352811007607446,0.13056615109860611
880,0.01030341366461797,0.13078186404882314
881,0.010767958034057282,0.13061284087510344
882,0.010593384560901307,0.13101819232502282
883,0.010576056744375943,0.13155641429931014
884,0.010644187076675981,0.13105597312587097
885,0.010608534946046211,0.13093427567151222
886,0.010673957902907578,0.13117501182629726
887,0.010427397556243775,0.13092705628427212
888,0.01075637676476031,0.1307512208068323
889,0.010426621181260493,0.13138812892416338
890,0.010613528261144825,0.13156790547269004
891,0.010508664101582337,0.13113808888745918
892,0.01049723121523733,0.13079149754677363
893,0.01041351396928567,0.13111487392132112
894,0.01074496994003313,0.1317988720448533
895,0.010693214395451695,0.13185078919015386
896,0.010504273083185101,0.13124654629272223
897,0.010371278779196228,0.13082429848284963
898,0.010489273168126265,0.1311054915363017
899,0.010335376642160245,0.13183798740688418
900,0.010519984386833525,0.13134865973604923
901,0.010617403053127592,0.13157679831724128
902,0.010678174588812218,0.13075108538745428
903,0.010649839037438855,0.13119105041148516
904,0.010426021598173815,0.1314738731293799
905,0.01049636299856533,0.13076981506219423
906,0.010335309066374986,0.1305510969662897
907,0.010334338178984373,0.1307813732472891
908,0.010512170061066375,0.13141099609210463
909,0.01058045596589191,0.13130550966649723
910,0.01019542073507628,0.13134334110631976
911,0.010208158289693245,0.1311163983597259
912,0.009918164949100257,0.13070926531420388
913,0.010104618342514648,0.13116031759174882
914,0.010090396450312534,0.13092929936934625
915,0.009883263950237229,0.13093516986688414
916,0.009906011015421807,0.13138940622136905
917,0.010112228596650475,0.1308437155274138
918,0.0100506716351869,0.13115236829171634
919,0.010026202398442565,0.1315147520150956
920,0.009825826448631053,0.13155469323931493
921,0.010235197896959007,0.13158843898014372
922,0.010378909649309015,0.13085423177721234
923,0.010006476508083928,0.13113616806173506
924,0.010087335867643894,0.13126020608318598
925,0.009955518668932857,0.1313744164118247
926,0.010102969075693765,0.13092202366204886
927,0.010081031854692633,0.1312613974292702
928,0.010020787729801722,0.1311308960141468
929,0.009799956095029481,0.13061433396800623
930,0.010187877703432319,0.13096028881081453
931,0.01005552566936173,0.13109051916723044
932,0.009971328629807624,0.13152907090805058
933,0.010139061042471777,0.1309358714914841
934,0.010021479074741556,0.13082836343739504
935,0.009922639463870047,0.13121099037968204
936,0.010047363023433587,0.13098724474680057
937,0.009779068747154927,0.1310673227620543
938,0.00973972913546172,0.13098401046803781
939,0.009613149092030666,0.13111237143775148
940,0.00961063162056501,0.13114439912361825
941,0.009882172089585209,0.13122157982178428
942,0.010157670996980285,0.13166971701425667
943,0.01045857230111824,0.13123765003695542
944,0.00999989030586266,0.1316839773215741
945,0.009916436582377541,0.13075541771048121
946,0.009716235264477683,0.13161960523982655
947,0.009933523321711544,0.13135578364319778
948,0.010261829049499726,0.13163301751071063
949,0.01000715534620043,0.13138673566344822
950,0.010040404844153278,0.13149336030324335
951,0.010238293235937897,0.1311053586537401
952,0.009968621804086525,0.13101788146191107
953,0.009756234135478868,0.13087528688807795
954,0.009712495771429042,0.13124671715820177
955,0.010084701813561915,0.13129598730579276
956,0.009947686655445293,0.13096632729545887
957,0.009712076222569496,0.13124098141785198
958,0.009824230136135785,0.1316018436852726
959,0.009956515870496513,0.13103030265668061
960,0.009834920593102705,0.13076809494189576
961,0.01004948639729873,0.13159436536669797
962,0.010138619223920575,0.13100952818816863
963,0.009952948126728188,0.13131459229613085
964,0.009815348642192558,0.13154474905702926
965,0.010074185615579758,0.13121326819530355
966,0.009861569418781031,0.13126616332639005
967,0.009960605189024786,0.13142280363298214
968,0.010252468616098747,0.13129541947065834
969,0.009910888548304561,0.13093640337163728
970,0.009859385651353653,0.13073625614434917
971,0.00977780891535032,0.13068157431859276
972,0.01001980515752851,0.13132192746372084
973,0.009772133286819267,0.13106679359119153
974,0.0097768005243032,0.1311497771866383
975,0.009711222305880602,0.1313761989990806
976,0.00975030035344734,0.13160874151883106
977,0.009766334875909532,0.13142160869031522
978,0.009988245339589339,0.13106720087796273
979,0.01012902917699764,0.13133779350760683
980,0.009803698479481992,0.1318025153148113
981,0.009612041603115653,0.13168675367839847
982,0.009469013726178109,0.13180716310127924
983,0.00933055078663419,0.13074069211808148
984,0.009353809597943895,0.13167429743264025
985,0.009507611092783612,0.13139948656379732
986,0.009330852304844924,0.13137825875991926
987,0.009436502464194817,0.13215346897056432
988,0.009396306416507998,0.13135685004177017
989,0.009204750632435277,0.13123716724424686
990,0.009373116938220249,0.1314419553414805
991,0.009559689783471707,0.13155456306818727
992,0.009633471253431584,0.13152570591296844
993,0.009390433781628366,0.13130250325132972
994,0.009484416828632216,0.1317042662736903
995,0.0095793631001333,0.1319639276249843
996,0.00949956398898026,0.131543251079028
997,0.009620879683040222,0.13159464617483904
998,0.009415665698184332,0.13131207495935746
999,0.009268396966739024,0.131972121408914
1000,0.009201141190001707,0.13140591495114332
1001,0.009358618313816482,0.1313890309309323
1002,0.009661815113965574,0.13149619573798066
1003,0.0095503087292344,0.13124259827129642
1004,0.009397410942176698,0.13180135735765033
1005,0.009528155399332995,0.13076107235994952
1006,0.009395560783779395,0.132229358170721
1007,0.009252874365389711,0.1313923165863307
1008,0.009487633617430945,0.1314550699563557
1009,0.009426344878587284,0.13142040689984674
1010,0.009396954504138294,0.1316025115792327
1011,0.009461414224371108,0.1313347353430219
1012,0.009360531048070242,0.1319742206998174
1013,0.009494229619287461,0.1316295776893492
1014,0.009311190059623695,0.13213242329988845
1015,0.009297410104969766,0.13144323601534938
1016,0.009395033652516227,0.1315653542657875
1017,0.009740598415495605,0.13200435044166492
1018,0.009698290241938265,0.13149322897451504
1019,0.00939087908229188,0.13203849902205386
1020,0.009530059348460249,0.13165965300630542
1021,0.009210808964400654,0.13233232998973682
1022,0.009273268116932326,0.13113837624381988
1023,0.0092818131329645,0.13180973381981403
1024,0.009252218119496395,0.1319174544222205
1025,0.009307051337779898,0.13229882584176295
1026,0.009320083004947641,0.13160518288217316
1027,0.009707934184282643,0.13092214817170528
1028,0.009526355145303254,0.13212732992079457
1029,0.009289313077472909,0.13149231713740245
1030,0.009340571662237816,0.13163260275144367
1031,0.009671842656646336,0.13156148086777372
1032,0.009295584118573277,0.1320520114174131
1033,0.009534325500925783,0.13183693463388235
1034,0.009460701248022915,0.13176500785815057
1035,0.009362911483522968,0.13189299134971802
1036,0.00919700228093971,0.13136069468833375
1037,0.009197700220338542,0.1316729439445923
1038,0.00943484225796148,0.13204900471277345
1039,0.009477272486702272,0.13191130909541474
1040,0.00914606481929432,0.13232507486410763
1041,0.009214760575273876,0.132174876067567
1042,0.009294737777765412,0.13190760646072705
1043,0.009285810858431729,0.13195773911512762
1044,0.009189382758722565,0.13213522154714835
1045,0.009208622193381926,0.13189238232795628
1046,0.009122968016243932,0.13178253205981033
1047,0.009048129583200214,0.13209938207294233
1048,0.009218604851732756,0.1319957024315256
1049,0.009302763936658687,0.13170565873704534
1050,0.009114054729167128,0.13181280920648822
1051,0.00907429672008722,0.13200013060461055
1052,0.009082244660935471,0.1321166179502629
1053,0.00881201202989541,0.13123716760442342
1054,0.008956485542902223,0.13240732481094608
1055,0.008944012361034622,0.13206282566535305
1056,0.008922518551804882,0.13216325583730967
1057,0.008972311713619268,0.1320125281464853
1058,0.00915061599179326,0.13214412942409584
1059,0.008926774587398184,0.13173297807348275
1060,0.008948507788449318,0.13256105794911946
1061,0.008913465070153429,0.13234144989284488
1062,0.009110321139948446,0.13238252270740097
1063,0.008854366890114986,0.13171347224654964
1064,0.008921489986468419,0.13182297133410883
1065,0.009009150512642717,0.13197626262679774
1066,0.009006780753394691,0.13199951005601532
1067,0.008719441871374361,0.13245112555150512
1068,0.008625217862735074,0.13214857279251704
1069,0.008756232854480555,0.1315865253555512
1070,0.008874054049664248,0.13179383282616505
1071,0.008843590415475795,0.13182470237529445
1072,0.008783981072273633,0.1322760420426327
1073,0.009065633614003647,0.13255362246544855
1074,0.009133717662321303,0.1322489529643344
1075,0.008830513249505175,0.13187114152876864
1076,0.00867822957131498,0.13194663413186028
1077,0.008790907339639486,0.13270052644579539
1078,0.00889408403674514,0.13208692521055213
1079,0.008761379630136443,0.13213523026132223
1080,0.008866091544306946,0.13242333998264239
1081,0.009029284482811447,0.13256315863171586
1082,0.00882674820126559,0.13159207050194105
1083,0.008883413208769217,0.13205462344830746
1084,0.008950039077584468,0.13214187010708203
1085,0.0089317067622409,0.13201562015835638
1086,0.00897122836117157,0.13207048926318796
1087,0.00879893941022127,0.13162918830928425
1088,0.008937067268287083,0.13222451866782067
1089,0.008892275178726686,0.13175640147559728
1090,0.008980284946077234,0.1320226078209649
1091,0.008852366737854986,0.1317473836237394
1092,0.00888460532816894,0.1318177976071056
1093,0.00877661384122864,0.13162376455906158
1094,0.008722016585830926,0.13198524252843447
1095,0.008837469878731824,0.13230037613280132
1096,0.008947889546301002,0.13203203933629948
1097,0.00886352662016763,0.13231231997644602
1098,0.00877191964148835,0.13194469874758738
1099,0.008825905823894902,0.13242145493190724
1100,0.008832775161351036,0.13216882017271492
1101,0.008910107712605357,0.13202058335986003
1102,0.008700104625426848,0.13211707865661113
1103,0.008897966867229401,0.13210454151154521
1104,0.008769634228552215,0.13269618383818896
1105,0.0088254085608542,0.13202763149127472
1106,0.008782273457403034,0.13229487845270965
1107,0.008647403845415735,0.13246289067031583
1108,0.008903257562947261,0.13203626615856512
1109,0.008917088427492573,0.13201879891135068
1110,0.008832734880723931,0.13197049746228215
1111,0.008809020000823486,0.131712960257593
1112,0.008790122827657126,0.13259168489422496
1113,0.00895267808359017,0.1326751509413355
1114,0.009135390536664432,0.13253642187717612
1115,0.008835647568351685,0.13262368393175478
1116,0.008883324449395913,0.1319084072459188
1117,0.009068646042512092,0.13252113588681752
1118,0.008845648377345,0.13366008386982206
1119,0.008966059973704883,0.1325539101602306
1120,0.008678411505754416,0.13198355146927787
1121,0.00825878006442926,0.13222793303466873
1122,0.0083330428370286,0.13244186985796486
1123,0.00862024341266233,0.1324042000538817
1124,0.008652278841329495,0.1320384229149051
1125,0.008604817518104928,0.1320012686917543
1126,0.00850134358822888,0.13262944245040828
1127,0.008361197768342116,0.13274099363016165
1128,0.008235518827791088,0.13260644828001644
1129,0.008563980328107797,0.13264252432127396
1130,0.008540079323371957,0.13253357336916244
1131,0.008535872006117794,0.13193531385320145
1132,0.00836236178198544,0.1325590531948038
1133,0.008405542809449171,0.13265411663861618
1134,0.00845560074271418,0.13228578988608158
1135,0.008495149231777976,0.13197084337289533
1136,0.0084094785392006,0.1323619063687457
1137,0.00844508609276739,0.13219216335492387
1138,0.008614002709679321,0.1324584927144058
1139,0.008578952037947864,0.1323864873961584
1140,0.008520853484463757,0.13300713542259995
1141,0.008290065537178915,0.13285643793026658
1142,0.00846253242225377,0.13254682952964839
1143,0.008434396070069426,0.13269277523342995
1144,0.008337088037100576,0.13266339628725654
1145,0.008303545027238988,0.13254163861517226
1146,0.008414999694547376,0.13246778640106976
1147,0.008800310403404735,0.1322883092280767
1148,0.008506027533104112,0.1328529896606566
1149,0.008364053296237493,0.13286008255915682
1150,0.008440529997619389,0.13239207993670235
1151,0.008500462099725816,0.1332415227419959
1152,0.008292916661753668,0.13258666632330235
1153,0.00828847238355515,0.13333769785692273
1154,0.008270480438679425,0.13282364910070418
1155,0.008480628557462327,0.13261893438114133
1156,0.008354262819222321,0.1323098050608346
1157,0.00827909609271014,0.1327392951763801
1158,0.008536412579511906,0.13271131385360754
1159,0.008639419060452264,0.13265329663619124
1160,0.008345728887075325,0.1330648687715902
1161,0.008252527664438779,0.13287197669645345
1162,0.008429445946213735,0.13250664096021095
1163,0.008368996169210297,0.13277963395617307
1164,0.008413908872781971,0.1327635776553088
1165,0.008273580361607203,0.13227350668768967
1166,0.008485357292594833,0.1330584282283335
1167,0.008406869126181138,0.13266527224457347
1168,0.008196851806416466,0.13268898853817981
1169,0.008533551287005883,0.13297420844792476
1170,0.008311980748764122,0.13247107466526875
1171,0.008241226576943516,0.13289430719720144
1172,0.008280090823754062,0.13243837503775874
1173,0.00838287207836335,0.13299752299785728
1174,0.008346538590224878,0.13274594043121882
1175,0.008543941883801321,0.13310278472429143
1176,0.008293394185613123,0.13278569912101246
1177,0.008329907481411753,0.13274399953069066
1178,0.008526405881590888,0.13247228377594658
1179,0.008559905563202828,0.1331004497107263
1180,0.008382615506704893,0.13232411185057122
1181,0.008529099173773504,0.13325112939479572
1182,0.008723012159782627,0.13286343025226335
1183,0.008355355784511844,0.13340821869444772
1184,0.008435477734768526,0.13267268137312963
1185,0.00824385929063065,0.13294262831623527
1186,0.008475328435724318,0.13302293912618857
1187,0.008318904132233488,0.13309603978568035
1188,0.008363428527618434,0.13295895555055473
1189,0.00855520694845842,0.132804688347878
1190,0.008310097185150541,0.1326017192645535
1191,0.008038384220998729,0.13250593612371145
1192,0.008118641258356795,0.1329990384412541
1193,0.008112530716828409,0.13296493099828735
1194,0.007979239787814361,0.13248716083759216
1195,0.00804236900750026,0.13271648280144094
1196,0.007986438625611757,0.1326376194367631
1197,0.00807071747752133,0.13278801618378505
1198,0.008003973436682611,0.13270672865125518
1199,0.00798760372255033,0.1326044125581634
